{"cameraMode":{"drawMode":0,"name":"Shaded","section":"Shading Mode"},"sceneLighting":true,"audioPlay":false,"sceneViewState":{"showFog":true,"showMaterialUpdate":false,"showSkybox":false,"showFlares":true,"showImageEffects":true,"showParticleSystems":true,"showVisualEffectGraphs":true,"m_FxEnabled":true},"in2DMode":false,"pivot":{"x":31.459999084472658,"y":3.559999942779541,"z":23.969999313354493},"rotation":{"x":-0.6692512631416321,"y":0.02824808843433857,"z":-0.02555086463689804,"w":-0.7421348690986633},"size":0.31743112206459048,"orthographic":false}