{"cameraMode":{"drawMode":0,"name":"Shaded","section":"Shading Mode"},"sceneLighting":true,"audioPlay":false,"sceneViewState":{"showFog":true,"showMaterialUpdate":false,"showSkybox":true,"showFlares":true,"showImageEffects":true,"showParticleSystems":true,"showVisualEffectGraphs":true,"m_FxEnabled":true},"in2DMode":false,"pivot":{"x":49.926055908203128,"y":14.77947998046875,"z":51.655128479003909},"rotation":{"x":-0.5194990038871765,"y":-0.013619552366435528,"z":0.008212333545088768,"w":-0.8543884754180908},"size":16.25826072692871,"orthographic":false}