{"cameraMode":{"drawMode":0,"name":"Shaded","section":"Shading Mode"},"sceneLighting":true,"audioPlay":false,"sceneViewState":{"showFog":true,"showMaterialUpdate":false,"showSkybox":true,"showFlares":true,"showImageEffects":true,"showParticleSystems":true,"showVisualEffectGraphs":true,"m_FxEnabled":true},"in2DMode":false,"pivot":{"x":20.36664581298828,"y":-6.310640811920166,"z":35.341835021972659},"rotation":{"x":0.038109224289655688,"y":-0.8968849778175354,"z":0.43358248472213747,"w":0.07875921577215195},"size":15.212198257446289,"orthographic":false}