{"cameraMode":{"drawMode":0,"name":"Shaded","section":"Shading Mode"},"sceneLighting":true,"audioPlay":false,"sceneViewState":{"showFog":true,"showMaterialUpdate":false,"showSkybox":true,"showFlares":true,"showImageEffects":true,"showParticleSystems":true,"showVisualEffectGraphs":true,"m_FxEnabled":true},"in2DMode":false,"pivot":{"x":471.3305969238281,"y":340.2358703613281,"z":-4.811840057373047},"rotation":{"x":0.03629229962825775,"y":-0.02067001536488533,"z":0.0007600071839988232,"w":0.9991885423660278},"size":26.564577102661134,"orthographic":false}