{"cameraMode":{"drawMode":0,"name":"Shaded","section":"Shading Mode"},"sceneLighting":true,"audioPlay":false,"sceneViewState":{"showFog":true,"showMaterialUpdate":false,"showSkybox":true,"showFlares":true,"showImageEffects":true,"showParticleSystems":true,"showVisualEffectGraphs":true,"m_FxEnabled":true},"in2DMode":false,"pivot":{"x":19.410343170166017,"y":2.1203725337982179,"z":27.081918716430665},"rotation":{"x":-0.6928304433822632,"y":0.0011304280487820507,"z":-0.0008562421426177025,"w":-0.721247136592865},"size":4.208765983581543,"orthographic":false}