{"cameraMode":{"drawMode":0,"name":"Shaded","section":"Shading Mode"},"sceneLighting":true,"audioPlay":false,"sceneViewState":{"showFog":true,"showMaterialUpdate":false,"showSkybox":true,"showFlares":true,"showImageEffects":true,"showParticleSystems":true,"showVisualEffectGraphs":true,"m_FxEnabled":true},"in2DMode":false,"pivot":{"x":49.31266784667969,"y":19.01243782043457,"z":36.09220504760742},"rotation":{"x":-0.6841317415237427,"y":-0.0009327016887255013,"z":0.001339023350737989,"w":-0.7295174598693848},"size":13.902734756469727,"orthographic":false}