{"cameraMode":{"drawMode":0,"name":"Shaded","section":"Shading Mode"},"sceneLighting":true,"audioPlay":false,"sceneViewState":{"showFog":true,"showMaterialUpdate":false,"showSkybox":true,"showFlares":true,"showImageEffects":true,"showParticleSystems":true,"showVisualEffectGraphs":true,"m_FxEnabled":true},"in2DMode":false,"pivot":{"x":19.884296417236329,"y":-39.30746078491211,"z":20.08713722229004},"rotation":{"x":0.00020314408175181597,"y":0.7375854849815369,"z":-0.6752545237541199,"w":0.00022201855608727783},"size":37.28368377685547,"orthographic":false}