{"cameraMode":{"drawMode":0,"name":"Shaded","section":"Shading Mode"},"sceneLighting":true,"audioPlay":false,"sceneViewState":{"showFog":true,"showMaterialUpdate":false,"showSkybox":true,"showFlares":true,"showImageEffects":true,"showParticleSystems":true,"showVisualEffectGraphs":true,"m_FxEnabled":true},"in2DMode":false,"pivot":{"x":19.6839656829834,"y":-0.5573921203613281,"z":22.969593048095704},"rotation":{"x":0.6752736568450928,"y":0.000195421846001409,"z":-0.00025083700893446803,"w":0.7376033067703247},"size":29.593164443969728,"orthographic":false}