{"cameraMode":{"drawMode":0,"name":"Shaded","section":"Shading Mode"},"sceneLighting":true,"audioPlay":false,"sceneViewState":{"showFog":true,"showMaterialUpdate":false,"showSkybox":true,"showFlares":true,"showImageEffects":true,"showParticleSystems":true,"showVisualEffectGraphs":true,"m_FxEnabled":true},"in2DMode":false,"pivot":{"x":20.61465072631836,"y":28.621353149414064,"z":26.57271385192871},"rotation":{"x":0.7045726776123047,"y":0.004442312754690647,"z":-0.004486694931983948,"w":0.7096458077430725},"size":9.339415550231934,"orthographic":false}