{"cameraMode":{"drawMode":0,"name":"Shaded","section":"Shading Mode"},"sceneLighting":true,"audioPlay":false,"sceneViewState":{"showFog":true,"showMaterialUpdate":false,"showSkybox":true,"showFlares":true,"showImageEffects":true,"showParticleSystems":true,"showVisualEffectGraphs":true,"m_FxEnabled":true},"in2DMode":false,"pivot":{"x":21.637075424194337,"y":6.923335075378418,"z":28.25309181213379},"rotation":{"x":0.45598721504211428,"y":0.05094711109995842,"z":-0.026186442002654077,"w":0.8881713151931763},"size":5.446215629577637,"orthographic":false}