{"cameraMode":{"drawMode":0,"name":"Shaded","section":"Shading Mode"},"sceneLighting":true,"audioPlay":false,"sceneViewState":{"showFog":true,"showMaterialUpdate":false,"showSkybox":true,"showFlares":true,"showImageEffects":true,"showParticleSystems":true,"showVisualEffectGraphs":true,"m_FxEnabled":true},"in2DMode":false,"pivot":{"x":18.681856155395509,"y":0.11150264739990235,"z":31.320579528808595},"rotation":{"x":0.6992411017417908,"y":0.0012594176223501564,"z":-0.001306014135479927,"w":0.7149204611778259},"size":94.903564453125,"orthographic":false}