{"cameraMode":{"drawMode":0,"name":"Shaded","section":"Shading Mode"},"sceneLighting":true,"audioPlay":false,"sceneViewState":{"showFog":true,"showMaterialUpdate":false,"showSkybox":false,"showFlares":true,"showImageEffects":true,"showParticleSystems":true,"showVisualEffectGraphs":true,"m_FxEnabled":true},"in2DMode":false,"pivot":{"x":21.479999542236329,"y":14.999999046325684,"z":32.49000549316406},"rotation":{"x":0.7045726776123047,"y":0.004442312754690647,"z":-0.004486694931983948,"w":0.7096458077430725},"size":57.68768310546875,"orthographic":false}