{"cameraMode":{"drawMode":0,"name":"Shaded","section":"Shading Mode"},"sceneLighting":true,"audioPlay":false,"sceneViewState":{"showFog":true,"showMaterialUpdate":false,"showSkybox":false,"showFlares":true,"showImageEffects":true,"showParticleSystems":true,"showVisualEffectGraphs":true,"m_FxEnabled":true},"in2DMode":false,"pivot":{"x":15.664551734924317,"y":0.9331705570220947,"z":28.618019104003908},"rotation":{"x":-0.003885583020746708,"y":0.9556052684783936,"z":-0.2943567931652069,"w":-0.012613809667527676},"size":1.4595823287963868,"orthographic":false}