{"cameraMode":{"drawMode":0,"name":"Shaded","section":"Shading Mode"},"sceneLighting":false,"audioPlay":false,"sceneViewState":{"showFog":true,"showMaterialUpdate":false,"showSkybox":false,"showFlares":true,"showImageEffects":true,"showParticleSystems":true,"showVisualEffectGraphs":true,"m_FxEnabled":true},"in2DMode":false,"pivot":{"x":21.637075424194337,"y":0.040000006556510928,"z":28.25309181213379},"rotation":{"x":0.6807221174240112,"y":0.010081622749567032,"z":-0.009443278424441815,"w":0.7324501872062683},"size":0.8660253882408142,"orthographic":false}