{"cameraMode":{"drawMode":0,"name":"Shaded","section":"Shading Mode"},"sceneLighting":true,"audioPlay":false,"sceneViewState":{"showFog":true,"showMaterialUpdate":false,"showSkybox":false,"showFlares":true,"showImageEffects":true,"showParticleSystems":true,"showVisualEffectGraphs":true,"m_FxEnabled":true},"in2DMode":false,"pivot":{"x":36.556251525878909,"y":9.408990859985352,"z":37.194252014160159},"rotation":{"x":-0.006870845798403025,"y":0.8916349411010742,"z":-0.4527033269405365,"w":-0.013705586083233357},"size":12.12435531616211,"orthographic":false}